step	acc
156	0.026806289330124855
313	0.06481432169675827
