step	acc
156	0.03350205346941948
313	0.06411248445510864
