step	loss
156	0.5572677850723267
313	0.3504098951816559
