step	loss
156	0.5127018690109253
313	0.346940815448761
