step	acc
49	0.013530383817851543
99	0.03645653277635574
149	0.05396014824509621
199	0.06015443801879883
249	0.06358858942985535
299	0.0720040574669838
