step	acc
49	0.018364474177360535
99	0.04113883525133133
149	0.0524711087346077
199	0.05995745584368706
249	0.06420133262872696
299	0.07248363643884659
