step	loss
49	0.4342666268348694
99	0.4000106453895569
149	0.3693278431892395
199	0.3569320738315582
249	0.34389811754226685
299	0.33298179507255554
