step	loss
49	0.43314749002456665
99	0.39753973484039307
149	0.3669244945049286
199	0.35312747955322266
249	0.3397556245326996
299	0.3310944139957428
