{
    "train": {
        "step": {
            "loss": 0.3310944139957428,
            "acc": 0.07248363643884659
        },
        "epoch": {
            "loss": 0.346940815448761,
            "acc": 0.06411248445510864
        }
    },
    "epoch": 1,
    "step": 313,
    "val": {
        "loss": 0.33225128054618835,
        "acc": 0.07384710013866425
    }
}
