{
    "train": {
        "step": {
            "loss": 0.33298179507255554,
            "acc": 0.0720040574669838
        },
        "epoch": {
            "loss": 0.3504098951816559,
            "acc": 0.06481432169675827
        }
    },
    "epoch": 1,
    "step": 313,
    "val": {
        "loss": 0.33314552903175354,
        "acc": 0.07502754777669907
    }
}
